file,kind,source,base_recording,site,region,year,src_path
liujiaxia_2024-05-02-birdnet-01_10_48__bout_017.wav,pipeline,2024_strongbout,liujiaxia_2024-05-02-birdnet-01_10_48,liujiaxia,control,2024,tmp/test_knn_2024/song_selection/listen_2024/3_strongbout_noclass_song/liujiaxia_2024-05-02-birdnet-01_10_48__bout_017.wav
liujiaxia_2024-05-02-birdnet-01_11_18_01.wav,manual,manual_2person,liujiaxia_2024-05-02-birdnet-01_11_18,liujiaxia,control,2024,birdsongs/wav_manul_seg_final_bandpass/liujiaxia_2024-05-02-birdnet-01_11_18_01.wav
liujiaxia_2024-06-25-birdnet-05_52_12.wav,manual,manual_2person,liujiaxia_2024-06-25-birdnet-05_52_12,liujiaxia,control,2024,birdsongs/wav_manul_seg_final_bandpass/liujiaxia_2024-06-25-birdnet-05_52_12.wav
liujiaxia_2024-06-25-birdnet-06_00_42.wav,manual,manual_2person,liujiaxia_2024-06-25-birdnet-06_00_42,liujiaxia,control,2024,birdsongs/wav_manul_seg_final_bandpass/liujiaxia_2024-06-25-birdnet-06_00_42.wav
liujiaxia_2024-06-26-birdnet-09_09_36.wav,manual,manual_2person,liujiaxia_2024-06-26-birdnet-09_09_36,liujiaxia,control,2024,birdsongs/wav_manul_seg_final_bandpass/liujiaxia_2024-06-26-birdnet-09_09_36.wav
guanyinya_2023-06-14-birdnet-14_25_12_01.wav,manual,manual_2person,guanyinya_2023-06-14-birdnet-14_25_12,guanyinya,polluted,2023,birdsongs/wav_manul_seg_final_bandpass/guanyinya_2023-06-14-birdnet-14_25_12_01.wav
guanyinya_2023-06-14-birdnet-14_26_42_01_01.wav,manual,manual_2person,guanyinya_2023-06-14-birdnet-14_26_42,guanyinya,polluted,2023,birdsongs/wav_manul_seg_final_bandpass/guanyinya_2023-06-14-birdnet-14_26_42_01_01.wav
guanyinya_2023-06-14-birdnet-14_50_42_01.wav,manual,manual_2person,guanyinya_2023-06-14-birdnet-14_50_42,guanyinya,polluted,2023,birdsongs/wav_manul_seg_final_bandpass/guanyinya_2023-06-14-birdnet-14_50_42_01.wav
guanyinya_2023-06-14-birdnet-16_23_43__bout_008.wav,pipeline,2023_ruleB,guanyinya_2023-06-14-birdnet-16_23_43,guanyinya,polluted,2023,tmp/test_knn_2023/song_selection/ruleB_song/guanyinya_2023-06-14-birdnet-16_23_43__bout_008.wav
guanyinya_2023-07-08-birdnet-15_06_34.wav,manual,manual_2person,guanyinya_2023-07-08-birdnet-15_06_34,guanyinya,polluted,2023,birdsongs/wav_manul_seg_final_bandpass/guanyinya_2023-07-08-birdnet-15_06_34.wav
guanyinya_2023-07-08-birdnet-15_07_04_01.wav,manual,manual_2person,guanyinya_2023-07-08-birdnet-15_07_04,guanyinya,polluted,2023,birdsongs/wav_manul_seg_final_bandpass/guanyinya_2023-07-08-birdnet-15_07_04_01.wav
guanyinya_2023-07-11-birdnet-08_37_13_01.wav,manual,manual_2person,guanyinya_2023-07-11-birdnet-08_37_13,guanyinya,polluted,2023,birdsongs/wav_manul_seg_final_bandpass/guanyinya_2023-07-11-birdnet-08_37_13_01.wav
guanyinya_2023-07-11-birdnet-08_39_13_01.wav,manual,manual_2person,guanyinya_2023-07-11-birdnet-08_39_13,guanyinya,polluted,2023,birdsongs/wav_manul_seg_final_bandpass/guanyinya_2023-07-11-birdnet-08_39_13_01.wav
guanyinya_2023-07-11-birdnet-08_40_13__bout_004.wav,pipeline,2023c_ruleD,guanyinya_2023-07-11-birdnet-08_40_13,guanyinya,polluted,2023,tmp/test_knn_2023/song_selection/listen_2023_catchup/2_ruleD_song/guanyinya_2023-07-11-birdnet-08_40_13__bout_004.wav
guanyinya_2023-07-11-birdnet-08_40_43__bout_005.wav,pipeline,2023c_ruleD,guanyinya_2023-07-11-birdnet-08_40_43,guanyinya,polluted,2023,tmp/test_knn_2023/song_selection/listen_2023_catchup/2_ruleD_song/guanyinya_2023-07-11-birdnet-08_40_43__bout_005.wav
guanyinya_2023-07-11-birdnet-08_41_43_01.wav,manual,manual_2person,guanyinya_2023-07-11-birdnet-08_41_43,guanyinya,polluted,2023,birdsongs/wav_manul_seg_final_bandpass/guanyinya_2023-07-11-birdnet-08_41_43_01.wav
guanyinya_2023-07-14-birdnet-18_05_25__bout_008.wav,pipeline,2023_strongbout,guanyinya_2023-07-14-birdnet-18_05_25,guanyinya,polluted,2023,tmp/test_knn_2023/song_selection/listen_strongbout_noclass_song/guanyinya_2023-07-14-birdnet-18_05_25__bout_008.wav
liangzhuang_2023-05-25-birdnet-17_24_00_01_01.wav,manual,manual_2person,liangzhuang_2023-05-25-birdnet-17_24_00,liangzhuang,polluted,2023,birdsongs/wav_manul_seg_final_bandpass/liangzhuang_2023-05-25-birdnet-17_24_00_01_01.wav
liangzhuang_2023-05-25-birdnet-17_26_30_01.wav,manual,manual_2person,liangzhuang_2023-05-25-birdnet-17_26_30,liangzhuang,polluted,2023,birdsongs/wav_manul_seg_final_bandpass/liangzhuang_2023-05-25-birdnet-17_26_30_01.wav
liangzhuang_2023-05-25-birdnet-18_05_00.wav,manual,manual_2person,liangzhuang_2023-05-25-birdnet-18_05_00,liangzhuang,polluted,2023,birdsongs/wav_manul_seg_final_bandpass/liangzhuang_2023-05-25-birdnet-18_05_00.wav
liangzhuang_2023-05-26-birdnet-06_22_03__bout_007.wav,pipeline,2023_ruleA,liangzhuang_2023-05-26-birdnet-06_22_03,liangzhuang,polluted,2023,tmp/test_knn_2023/song_selection/ruleA_song/liangzhuang_2023-05-26-birdnet-06_22_03__bout_007.wav
liangzhuang_2023-05-26-birdnet-11_00_33_01.wav,manual,manual_2person,liangzhuang_2023-05-26-birdnet-11_00_33,liangzhuang,polluted,2023,birdsongs/wav_manul_seg_final_bandpass/liangzhuang_2023-05-26-birdnet-11_00_33_01.wav
liangzhuang_2023-05-26-birdnet-11_01_04_01_01.wav,manual,manual_2person,liangzhuang_2023-05-26-birdnet-11_01_04,liangzhuang,polluted,2023,birdsongs/wav_manul_seg_final_bandpass/liangzhuang_2023-05-26-birdnet-11_01_04_01_01.wav
liangzhuang_2023-05-26-birdnet-19_35_35__bout_004.wav,pipeline,2023_ruleA,liangzhuang_2023-05-26-birdnet-19_35_35,liangzhuang,polluted,2023,tmp/test_knn_2023/song_selection/ruleA_song/liangzhuang_2023-05-26-birdnet-19_35_35__bout_004.wav
liangzhuang_2023-05-26-birdnet-19_36_35__bout_004.wav,pipeline,2023_ruleA,liangzhuang_2023-05-26-birdnet-19_36_35,liangzhuang,polluted,2023,tmp/test_knn_2023/song_selection/ruleA_song/liangzhuang_2023-05-26-birdnet-19_36_35__bout_004.wav
liangzhuang_2023-05-26-birdnet-19_37_05__bout_004.wav,pipeline,2023_ruleA,liangzhuang_2023-05-26-birdnet-19_37_05,liangzhuang,polluted,2023,tmp/test_knn_2023/song_selection/ruleA_song/liangzhuang_2023-05-26-birdnet-19_37_05__bout_004.wav
liangzhuang_2023-05-27-birdnet-10_30_08_01.wav,manual,manual_2person,liangzhuang_2023-05-27-birdnet-10_30_08,liangzhuang,polluted,2023,birdsongs/wav_manul_seg_final_bandpass/liangzhuang_2023-05-27-birdnet-10_30_08_01.wav
liangzhuang_2023-05-27-birdnet-14_33_39__bout_005.wav,pipeline,2023_ruleA,liangzhuang_2023-05-27-birdnet-14_33_39,liangzhuang,polluted,2023,tmp/test_knn_2023/song_selection/ruleA_song/liangzhuang_2023-05-27-birdnet-14_33_39__bout_005.wav
liangzhuang_2023-06-04-birdnet-18_05_53_01_01.wav,manual,manual_2person,liangzhuang_2023-06-04-birdnet-18_05_53,liangzhuang,polluted,2023,birdsongs/wav_manul_seg_final_bandpass/liangzhuang_2023-06-04-birdnet-18_05_53_01_01.wav
liangzhuang_2023-06-04-birdnet-18_05_53_01_02.wav,manual,manual_2person,liangzhuang_2023-06-04-birdnet-18_05_53,liangzhuang,polluted,2023,birdsongs/wav_manul_seg_final_bandpass/liangzhuang_2023-06-04-birdnet-18_05_53_01_02.wav
liangzhuang_2023-06-06-birdnet-13_41_55_01.wav,manual,manual_2person,liangzhuang_2023-06-06-birdnet-13_41_55,liangzhuang,polluted,2023,birdsongs/wav_manul_seg_final_bandpass/liangzhuang_2023-06-06-birdnet-13_41_55_01.wav
liangzhuang_2023-06-07-birdnet-16_55_10_01_01.wav,manual,manual_2person,liangzhuang_2023-06-07-birdnet-16_55_10,liangzhuang,polluted,2023,birdsongs/wav_manul_seg_final_bandpass/liangzhuang_2023-06-07-birdnet-16_55_10_01_01.wav
liangzhuang_2023-06-07-birdnet-16_55_10_01_02.wav,manual,manual_2person,liangzhuang_2023-06-07-birdnet-16_55_10,liangzhuang,polluted,2023,birdsongs/wav_manul_seg_final_bandpass/liangzhuang_2023-06-07-birdnet-16_55_10_01_02.wav
liangzhuang_2023-06-07-birdnet-16_55_10_01_03.wav,manual,manual_2person,liangzhuang_2023-06-07-birdnet-16_55_10,liangzhuang,polluted,2023,birdsongs/wav_manul_seg_final_bandpass/liangzhuang_2023-06-07-birdnet-16_55_10_01_03.wav
liangzhuang_2023-06-07-birdnet-16_55_10_01_04.wav,manual,manual_2person,liangzhuang_2023-06-07-birdnet-16_55_10,liangzhuang,polluted,2023,birdsongs/wav_manul_seg_final_bandpass/liangzhuang_2023-06-07-birdnet-16_55_10_01_04.wav
liangzhuang_2023-06-07-birdnet-16_55_10_01_05.wav,manual,manual_2person,liangzhuang_2023-06-07-birdnet-16_55_10,liangzhuang,polluted,2023,birdsongs/wav_manul_seg_final_bandpass/liangzhuang_2023-06-07-birdnet-16_55_10_01_05.wav
liangzhuang_2023-06-07-birdnet-19_27_11__bout_020.wav,pipeline,2023_strongbout,liangzhuang_2023-06-07-birdnet-19_27_11,liangzhuang,polluted,2023,tmp/test_knn_2023/song_selection/listen_strongbout_noclass_song/liangzhuang_2023-06-07-birdnet-19_27_11__bout_020.wav
liangzhuang_2023-06-07-birdnet-19_27_41_01.wav,manual,manual_2person,liangzhuang_2023-06-07-birdnet-19_27_41,liangzhuang,polluted,2023,birdsongs/wav_manul_seg_final_bandpass/liangzhuang_2023-06-07-birdnet-19_27_41_01.wav
liangzhuang_2023-06-08-birdnet-10_29_19__bout_009.wav,pipeline,2023_strongbout,liangzhuang_2023-06-08-birdnet-10_29_19,liangzhuang,polluted,2023,tmp/test_knn_2023/song_selection/listen_strongbout_noclass_song/liangzhuang_2023-06-08-birdnet-10_29_19__bout_009.wav
liangzhuang_2023-06-08-birdnet-12_46_51__bout_013.wav,pipeline,2023_strongbout,liangzhuang_2023-06-08-birdnet-12_46_51,liangzhuang,polluted,2023,tmp/test_knn_2023/song_selection/listen_strongbout_noclass_song/liangzhuang_2023-06-08-birdnet-12_46_51__bout_013.wav
liangzhuang_2023-06-08-birdnet-12_47_21__bout_008.wav,pipeline,2023_strongbout,liangzhuang_2023-06-08-birdnet-12_47_21,liangzhuang,polluted,2023,tmp/test_knn_2023/song_selection/listen_strongbout_noclass_song/liangzhuang_2023-06-08-birdnet-12_47_21__bout_008.wav
liangzhuang_2023-06-08-birdnet-12_47_51__bout_014.wav,pipeline,2023_strongbout,liangzhuang_2023-06-08-birdnet-12_47_51,liangzhuang,polluted,2023,tmp/test_knn_2023/song_selection/listen_strongbout_noclass_song/liangzhuang_2023-06-08-birdnet-12_47_51__bout_014.wav
liangzhuang_2023-06-18-birdnet-15_49_35_01.wav,manual,manual_2person,liangzhuang_2023-06-18-birdnet-15_49_35,liangzhuang,polluted,2023,birdsongs/wav_manul_seg_final_bandpass/liangzhuang_2023-06-18-birdnet-15_49_35_01.wav
liangzhuang_2023-06-18-birdnet-15_50_05_01.wav,manual,manual_2person,liangzhuang_2023-06-18-birdnet-15_50_05,liangzhuang,polluted,2023,birdsongs/wav_manul_seg_final_bandpass/liangzhuang_2023-06-18-birdnet-15_50_05_01.wav
liangzhuang_2023-06-18-birdnet-15_50_35_01.wav,manual,manual_2person,liangzhuang_2023-06-18-birdnet-15_50_35,liangzhuang,polluted,2023,birdsongs/wav_manul_seg_final_bandpass/liangzhuang_2023-06-18-birdnet-15_50_35_01.wav
liangzhuang_2024-04-20-birdnet-11_14_03_01.wav,manual,manual_2person,liangzhuang_2024-04-20-birdnet-11_14_03,liangzhuang,polluted,2024,birdsongs/wav_manul_seg_final_bandpass/liangzhuang_2024-04-20-birdnet-11_14_03_01.wav
liangzhuang_2024-04-20-birdnet-11_15_34_01.wav,manual,manual_2person,liangzhuang_2024-04-20-birdnet-11_15_34,liangzhuang,polluted,2024,birdsongs/wav_manul_seg_final_bandpass/liangzhuang_2024-04-20-birdnet-11_15_34_01.wav
liangzhuang_2024-04-20-birdnet-11_17_04_01.wav,manual,manual_2person,liangzhuang_2024-04-20-birdnet-11_17_04,liangzhuang,polluted,2024,birdsongs/wav_manul_seg_final_bandpass/liangzhuang_2024-04-20-birdnet-11_17_04_01.wav
liangzhuang_2024-04-20-birdnet-11_21_03__bout_006.wav,pipeline,2024_ruleC,liangzhuang_2024-04-20-birdnet-11_21_03,liangzhuang,polluted,2024,tmp/test_knn_2024/song_selection/listen_2024/1_ruleC_song/liangzhuang_2024-04-20-birdnet-11_21_03__bout_006.wav
liangzhuang_2024-04-20-birdnet-11_21_34.wav,manual,manual_2person,liangzhuang_2024-04-20-birdnet-11_21_34,liangzhuang,polluted,2024,birdsongs/wav_manul_seg_final_bandpass/liangzhuang_2024-04-20-birdnet-11_21_34.wav
liangzhuang_2024-04-20-birdnet-11_22_34_01_01.wav,manual,manual_2person,liangzhuang_2024-04-20-birdnet-11_22_34,liangzhuang,polluted,2024,birdsongs/wav_manul_seg_final_bandpass/liangzhuang_2024-04-20-birdnet-11_22_34_01_01.wav
liangzhuang_2024-04-20-birdnet-11_22_34_01_02.wav,manual,manual_2person,liangzhuang_2024-04-20-birdnet-11_22_34,liangzhuang,polluted,2024,birdsongs/wav_manul_seg_final_bandpass/liangzhuang_2024-04-20-birdnet-11_22_34_01_02.wav
liangzhuang_2024-04-20-birdnet-11_23_04.wav,manual,manual_2person,liangzhuang_2024-04-20-birdnet-11_23_04,liangzhuang,polluted,2024,birdsongs/wav_manul_seg_final_bandpass/liangzhuang_2024-04-20-birdnet-11_23_04.wav
liangzhuang_2024-04-20-birdnet-11_23_34.wav,manual,manual_2person,liangzhuang_2024-04-20-birdnet-11_23_34,liangzhuang,polluted,2024,birdsongs/wav_manul_seg_final_bandpass/liangzhuang_2024-04-20-birdnet-11_23_34.wav
liangzhuang_2024-04-20-birdnet-11_24_34_01.wav,manual,manual_2person,liangzhuang_2024-04-20-birdnet-11_24_34,liangzhuang,polluted,2024,birdsongs/wav_manul_seg_final_bandpass/liangzhuang_2024-04-20-birdnet-11_24_34_01.wav
liangzhuang_2024-04-20-birdnet-11_25_04_01_01.wav,manual,manual_2person,liangzhuang_2024-04-20-birdnet-11_25_04,liangzhuang,polluted,2024,birdsongs/wav_manul_seg_final_bandpass/liangzhuang_2024-04-20-birdnet-11_25_04_01_01.wav
liangzhuang_2024-04-20-birdnet-11_25_34_01.wav,manual,manual_2person,liangzhuang_2024-04-20-birdnet-11_25_34,liangzhuang,polluted,2024,birdsongs/wav_manul_seg_final_bandpass/liangzhuang_2024-04-20-birdnet-11_25_34_01.wav
liangzhuang_2024-04-20-birdnet-11_25_34_02.wav,manual,manual_2person,liangzhuang_2024-04-20-birdnet-11_25_34,liangzhuang,polluted,2024,birdsongs/wav_manul_seg_final_bandpass/liangzhuang_2024-04-20-birdnet-11_25_34_02.wav
liangzhuang_2024-04-20-birdnet-11_26_04__bout_007.wav,pipeline,2024_ruleC,liangzhuang_2024-04-20-birdnet-11_26_04,liangzhuang,polluted,2024,tmp/test_knn_2024/song_selection/listen_2024/1_ruleC_song/liangzhuang_2024-04-20-birdnet-11_26_04__bout_007.wav
liangzhuang_2024-04-20-birdnet-11_26_34_01.wav,manual,manual_2person,liangzhuang_2024-04-20-birdnet-11_26_34,liangzhuang,polluted,2024,birdsongs/wav_manul_seg_final_bandpass/liangzhuang_2024-04-20-birdnet-11_26_34_01.wav
liangzhuang_2024-04-20-birdnet-12_12_34__bout_018.wav,pipeline,2024_ruleD,liangzhuang_2024-04-20-birdnet-12_12_34,liangzhuang,polluted,2024,tmp/test_knn_2024/song_selection/listen_2024/2_ruleD_song/liangzhuang_2024-04-20-birdnet-12_12_34__bout_018.wav
liangzhuang_2024-04-20-birdnet-12_13_04__bout_010.wav,pipeline,2024_ruleD,liangzhuang_2024-04-20-birdnet-12_13_04,liangzhuang,polluted,2024,tmp/test_knn_2024/song_selection/listen_2024/2_ruleD_song/liangzhuang_2024-04-20-birdnet-12_13_04__bout_010.wav
liangzhuang_2024-04-20-birdnet-12_13_34__bout_005.wav,pipeline,2024_ruleD,liangzhuang_2024-04-20-birdnet-12_13_34,liangzhuang,polluted,2024,tmp/test_knn_2024/song_selection/listen_2024/2_ruleD_song/liangzhuang_2024-04-20-birdnet-12_13_34__bout_005.wav
liangzhuang_2024-04-20-birdnet-12_14_04__bout_011.wav,pipeline,2024_ruleC,liangzhuang_2024-04-20-birdnet-12_14_04,liangzhuang,polluted,2024,tmp/test_knn_2024/song_selection/listen_2024/1_ruleC_song/liangzhuang_2024-04-20-birdnet-12_14_04__bout_011.wav
liangzhuang_2024-04-20-birdnet-12_15_34_01.wav,manual,manual_2person,liangzhuang_2024-04-20-birdnet-12_15_34,liangzhuang,polluted,2024,birdsongs/wav_manul_seg_final_bandpass/liangzhuang_2024-04-20-birdnet-12_15_34_01.wav
liangzhuang_2024-06-15-birdnet-12_07_44.wav,manual,manual_2person,liangzhuang_2024-06-15-birdnet-12_07_44,liangzhuang,polluted,2024,birdsongs/wav_manul_seg_final_bandpass/liangzhuang_2024-06-15-birdnet-12_07_44.wav
liangzhuang_2024-07-12-birdnet-05_36_19_01.wav,manual,manual_2person,liangzhuang_2024-07-12-birdnet-05_36_19,liangzhuang,polluted,2024,birdsongs/wav_manul_seg_final_bandpass/liangzhuang_2024-07-12-birdnet-05_36_19_01.wav
liangzhuang_2024-07-12-birdnet-05_38_49_01.wav,manual,manual_2person,liangzhuang_2024-07-12-birdnet-05_38_49,liangzhuang,polluted,2024,birdsongs/wav_manul_seg_final_bandpass/liangzhuang_2024-07-12-birdnet-05_38_49_01.wav
liangzhuang_2024-07-12-birdnet-05_39_19_02.wav,manual,manual_2person,liangzhuang_2024-07-12-birdnet-05_39_19,liangzhuang,polluted,2024,birdsongs/wav_manul_seg_final_bandpass/liangzhuang_2024-07-12-birdnet-05_39_19_02.wav
liangzhuang_2024-07-12-birdnet-05_39_49.wav,manual,manual_2person,liangzhuang_2024-07-12-birdnet-05_39_49,liangzhuang,polluted,2024,birdsongs/wav_manul_seg_final_bandpass/liangzhuang_2024-07-12-birdnet-05_39_49.wav
liangzhuang_2024-07-12-birdnet-05_46_49_01.wav,manual,manual_2person,liangzhuang_2024-07-12-birdnet-05_46_49,liangzhuang,polluted,2024,birdsongs/wav_manul_seg_final_bandpass/liangzhuang_2024-07-12-birdnet-05_46_49_01.wav
liangzhuang_2024-07-13-birdnet-05_39_02_01.wav,manual,manual_2person,liangzhuang_2024-07-13-birdnet-05_39_02,liangzhuang,polluted,2024,birdsongs/wav_manul_seg_final_bandpass/liangzhuang_2024-07-13-birdnet-05_39_02_01.wav
liangzhuang_2024-07-13-birdnet-05_41_32_01.wav,manual,manual_2person,liangzhuang_2024-07-13-birdnet-05_41_32,liangzhuang,polluted,2024,birdsongs/wav_manul_seg_final_bandpass/liangzhuang_2024-07-13-birdnet-05_41_32_01.wav
liangzhuang_2024-07-13-birdnet-05_43_02.wav,manual,manual_2person,liangzhuang_2024-07-13-birdnet-05_43_02,liangzhuang,polluted,2024,birdsongs/wav_manul_seg_final_bandpass/liangzhuang_2024-07-13-birdnet-05_43_02.wav
minqin_2023-06-03-birdnet-10_23_15_01.wav,manual,manual_2person,minqin_2023-06-03-birdnet-10_23_15,minqin,polluted,2023,birdsongs/wav_manul_seg_final_bandpass/minqin_2023-06-03-birdnet-10_23_15_01.wav
minqin_2023-06-11-birdnet-09_36_33.wav,manual,manual_2person,minqin_2023-06-11-birdnet-09_36_33,minqin,polluted,2023,birdsongs/wav_manul_seg_final_bandpass/minqin_2023-06-11-birdnet-09_36_33.wav
minqin_2023-07-04-birdnet-06_43_03__bout_009.wav,pipeline,2023_strongbout,minqin_2023-07-04-birdnet-06_43_03,minqin,polluted,2023,tmp/test_knn_2023/song_selection/listen_strongbout_noclass_song/minqin_2023-07-04-birdnet-06_43_03__bout_009.wav
minqin_2023-07-07-birdnet-16_50_52_01.wav,manual,manual_2person,minqin_2023-07-07-birdnet-16_50_52,minqin,polluted,2023,birdsongs/wav_manul_seg_final_bandpass/minqin_2023-07-07-birdnet-16_50_52_01.wav
minqin_2024-05-17-birdnet-10_13_10_01.wav,manual,manual_2person,minqin_2024-05-17-birdnet-10_13_10,minqin,polluted,2024,birdsongs/wav_manul_seg_final_bandpass/minqin_2024-05-17-birdnet-10_13_10_01.wav
minqin_2024-05-20-birdnet-05_56_42_01_01.wav,manual,manual_2person,minqin_2024-05-20-birdnet-05_56_42,minqin,polluted,2024,birdsongs/wav_manul_seg_final_bandpass/minqin_2024-05-20-birdnet-05_56_42_01_01.wav
minqin_2024-05-21-birdnet-05_58_55_01.wav,manual,manual_2person,minqin_2024-05-21-birdnet-05_58_55,minqin,polluted,2024,birdsongs/wav_manul_seg_final_bandpass/minqin_2024-05-21-birdnet-05_58_55_01.wav
minqin_2024-05-21-birdnet-06_09_55_01.wav,manual,manual_2person,minqin_2024-05-21-birdnet-06_09_55,minqin,polluted,2024,birdsongs/wav_manul_seg_final_bandpass/minqin_2024-05-21-birdnet-06_09_55_01.wav
minqin_2024-05-21-birdnet-07_32_56_01.wav,manual,manual_2person,minqin_2024-05-21-birdnet-07_32_56,minqin,polluted,2024,birdsongs/wav_manul_seg_final_bandpass/minqin_2024-05-21-birdnet-07_32_56_01.wav
minqin_2024-05-27-birdnet-18_01_48.wav,manual,manual_2person,minqin_2024-05-27-birdnet-18_01_48,minqin,polluted,2024,birdsongs/wav_manul_seg_final_bandpass/minqin_2024-05-27-birdnet-18_01_48.wav
minqin_2024-05-27-birdnet-18_02_18_01.wav,manual,manual_2person,minqin_2024-05-27-birdnet-18_02_18,minqin,polluted,2024,birdsongs/wav_manul_seg_final_bandpass/minqin_2024-05-27-birdnet-18_02_18_01.wav
minqin_2024-05-27-birdnet-18_09_48_01.wav,manual,manual_2person,minqin_2024-05-27-birdnet-18_09_48,minqin,polluted,2024,birdsongs/wav_manul_seg_final_bandpass/minqin_2024-05-27-birdnet-18_09_48_01.wav
minqin_2024-06-14-birdnet-11_55_46_01.wav,manual,manual_2person,minqin_2024-06-14-birdnet-11_55_46,minqin,polluted,2024,birdsongs/wav_manul_seg_final_bandpass/minqin_2024-06-14-birdnet-11_55_46_01.wav
shuanghe_2023-05-17-birdnet-17_22_58_01.wav,manual,manual_2person,shuanghe_2023-05-17-birdnet-17_22_58,shuanghe,polluted,2023,birdsongs/wav_manul_seg_final_bandpass/shuanghe_2023-05-17-birdnet-17_22_58_01.wav
shuanghe_2023-05-19-birdnet-14_09_17__bout_004.wav,pipeline,2023_ruleA,shuanghe_2023-05-19-birdnet-14_09_17,shuanghe,polluted,2023,tmp/test_knn_2023/song_selection/ruleA_song/shuanghe_2023-05-19-birdnet-14_09_17__bout_004.wav
shuanghe_2023-05-19-birdnet-18_09_36__bout_008.wav,pipeline,2023c_ruleD,shuanghe_2023-05-19-birdnet-18_09_36,shuanghe,polluted,2023,tmp/test_knn_2023/song_selection/listen_2023_catchup/2_ruleD_song/shuanghe_2023-05-19-birdnet-18_09_36__bout_008.wav
shuanghe_2023-05-21-birdnet-10_32_26__bout_005.wav,pipeline,2023c_ruleC,shuanghe_2023-05-21-birdnet-10_32_26,shuanghe,polluted,2023,tmp/test_knn_2023/song_selection/listen_2023_catchup/1_ruleC_song/shuanghe_2023-05-21-birdnet-10_32_26__bout_005.wav
shuanghe_2023-05-21-birdnet-10_32_56_01.wav,manual,manual_2person,shuanghe_2023-05-21-birdnet-10_32_56,shuanghe,polluted,2023,birdsongs/wav_manul_seg_final_bandpass/shuanghe_2023-05-21-birdnet-10_32_56_01.wav
shuanghe_2023-05-21-birdnet-10_33_26_01.wav,manual,manual_2person,shuanghe_2023-05-21-birdnet-10_33_26,shuanghe,polluted,2023,birdsongs/wav_manul_seg_final_bandpass/shuanghe_2023-05-21-birdnet-10_33_26_01.wav
shuanghe_2023-05-21-birdnet-10_33_56_01_01.wav,manual,manual_2person,shuanghe_2023-05-21-birdnet-10_33_56,shuanghe,polluted,2023,birdsongs/wav_manul_seg_final_bandpass/shuanghe_2023-05-21-birdnet-10_33_56_01_01.wav
shuanghe_2023-05-21-birdnet-10_33_56_01_02.wav,manual,manual_2person,shuanghe_2023-05-21-birdnet-10_33_56,shuanghe,polluted,2023,birdsongs/wav_manul_seg_final_bandpass/shuanghe_2023-05-21-birdnet-10_33_56_01_02.wav
shuanghe_2024-06-29-birdnet-11_21_55_01.wav,manual,manual_2person,shuanghe_2024-06-29-birdnet-11_21_55,shuanghe,polluted,2024,birdsongs/wav_manul_seg_final_bandpass/shuanghe_2024-06-29-birdnet-11_21_55_01.wav
shuanghe_2024-07-02-birdnet-11_02_46.wav,manual,manual_2person,shuanghe_2024-07-02-birdnet-11_02_46,shuanghe,polluted,2024,birdsongs/wav_manul_seg_final_bandpass/shuanghe_2024-07-02-birdnet-11_02_46.wav
yongxing_2023-05-17-birdnet-16_01_54__bout_015.wav,pipeline,2023_strongbout,yongxing_2023-05-17-birdnet-16_01_54,yongxing,polluted,2023,tmp/test_knn_2023/song_selection/listen_strongbout_noclass_song/yongxing_2023-05-17-birdnet-16_01_54__bout_015.wav
yongxing_2023-05-18-birdnet-11_55_35_01.wav,manual,manual_2person,yongxing_2023-05-18-birdnet-11_55_35,yongxing,polluted,2023,birdsongs/wav_manul_seg_final_bandpass/yongxing_2023-05-18-birdnet-11_55_35_01.wav
yongxing_2023-05-30-birdnet-06_29_11__bout_016.wav,pipeline,2023_strongbout,yongxing_2023-05-30-birdnet-06_29_11,yongxing,polluted,2023,tmp/test_knn_2023/song_selection/listen_strongbout_noclass_song/yongxing_2023-05-30-birdnet-06_29_11__bout_016.wav
yongxing_2023-06-14-birdnet-12_10_23_01.wav,manual,manual_2person,yongxing_2023-06-14-birdnet-12_10_23,yongxing,polluted,2023,birdsongs/wav_manul_seg_final_bandpass/yongxing_2023-06-14-birdnet-12_10_23_01.wav
yongxing_2023-07-08-birdnet-16_25_43_01.wav,manual,manual_2person,yongxing_2023-07-08-birdnet-16_25_43,yongxing,polluted,2023,birdsongs/wav_manul_seg_final_bandpass/yongxing_2023-07-08-birdnet-16_25_43_01.wav
yongxing_2024-04-21-birdnet-08_45_45__bout_006.wav,pipeline,2024_ruleC,yongxing_2024-04-21-birdnet-08_45_45,yongxing,polluted,2024,tmp/test_knn_2024/song_selection/listen_2024/1_ruleC_song/yongxing_2024-04-21-birdnet-08_45_45__bout_006.wav
yongxing_2024-04-21-birdnet-09_00_45__bout_006.wav,pipeline,2024_ruleC,yongxing_2024-04-21-birdnet-09_00_45,yongxing,polluted,2024,tmp/test_knn_2024/song_selection/listen_2024/1_ruleC_song/yongxing_2024-04-21-birdnet-09_00_45__bout_006.wav
yongxing_2024-04-21-birdnet-09_01_15__bout_004.wav,pipeline,2024_ruleD,yongxing_2024-04-21-birdnet-09_01_15,yongxing,polluted,2024,tmp/test_knn_2024/song_selection/listen_2024/2_ruleD_song/yongxing_2024-04-21-birdnet-09_01_15__bout_004.wav
yongxing_2024-04-21-birdnet-09_02_45__bout_006.wav,pipeline,2024_ruleD,yongxing_2024-04-21-birdnet-09_02_45,yongxing,polluted,2024,tmp/test_knn_2024/song_selection/listen_2024/2_ruleD_song/yongxing_2024-04-21-birdnet-09_02_45__bout_006.wav
yongxing_2024-04-21-birdnet-09_56_15_01.wav,manual,manual_2person,yongxing_2024-04-21-birdnet-09_56_15,yongxing,polluted,2024,birdsongs/wav_manul_seg_final_bandpass/yongxing_2024-04-21-birdnet-09_56_15_01.wav
yongxing_2024-04-21-birdnet-11_13_46_01.wav,manual,manual_2person,yongxing_2024-04-21-birdnet-11_13_46,yongxing,polluted,2024,birdsongs/wav_manul_seg_final_bandpass/yongxing_2024-04-21-birdnet-11_13_46_01.wav
yongxing_2024-04-21-birdnet-11_20_46_01.wav,manual,manual_2person,yongxing_2024-04-21-birdnet-11_20_46,yongxing,polluted,2024,birdsongs/wav_manul_seg_final_bandpass/yongxing_2024-04-21-birdnet-11_20_46_01.wav
yongxing_2024-04-21-birdnet-11_39_16__bout_005.wav,pipeline,2024_ruleC,yongxing_2024-04-21-birdnet-11_39_16,yongxing,polluted,2024,tmp/test_knn_2024/song_selection/listen_2024/1_ruleC_song/yongxing_2024-04-21-birdnet-11_39_16__bout_005.wav
yongxing_2024-04-21-birdnet-12_45_17__bout_004.wav,pipeline,2024_ruleC,yongxing_2024-04-21-birdnet-12_45_17,yongxing,polluted,2024,tmp/test_knn_2024/song_selection/listen_2024/1_ruleC_song/yongxing_2024-04-21-birdnet-12_45_17__bout_004.wav
yongxing_2024-04-22-birdnet-14_28_58_01.wav,manual,manual_2person,yongxing_2024-04-22-birdnet-14_28_58,yongxing,polluted,2024,birdsongs/wav_manul_seg_final_bandpass/yongxing_2024-04-22-birdnet-14_28_58_01.wav
yongxing_2024-05-04-birdnet-18_21_38_01.wav,manual,manual_2person,yongxing_2024-05-04-birdnet-18_21_38,yongxing,polluted,2024,birdsongs/wav_manul_seg_final_bandpass/yongxing_2024-05-04-birdnet-18_21_38_01.wav
yongxing_2024-05-04-birdnet-19_44_09.wav,manual,manual_2person,yongxing_2024-05-04-birdnet-19_44_09,yongxing,polluted,2024,birdsongs/wav_manul_seg_final_bandpass/yongxing_2024-05-04-birdnet-19_44_09.wav
yongxing_2024-05-04-birdnet-19_44_39_01.wav,manual,manual_2person,yongxing_2024-05-04-birdnet-19_44_39,yongxing,polluted,2024,birdsongs/wav_manul_seg_final_bandpass/yongxing_2024-05-04-birdnet-19_44_39_01.wav
yongxing_2024-05-06-birdnet-16_05_16__bout_006.wav,pipeline,2024_ruleD,yongxing_2024-05-06-birdnet-16_05_16,yongxing,polluted,2024,tmp/test_knn_2024/song_selection/listen_2024/2_ruleD_song/yongxing_2024-05-06-birdnet-16_05_16__bout_006.wav
yongxing_2024-05-07-birdnet-00_47_50__bout_009.wav,pipeline,2024_ruleC,yongxing_2024-05-07-birdnet-00_47_50,yongxing,polluted,2024,tmp/test_knn_2024/song_selection/listen_2024/1_ruleC_song/yongxing_2024-05-07-birdnet-00_47_50__bout_009.wav
yongxing_2024-07-15-birdnet-18_05_15__bout_003.wav,pipeline,2024_frag,yongxing_2024-07-15-birdnet-18_05_15,yongxing,polluted,2024,tmp/test_knn_2024/song_selection/listen_2024/4_fragmented_song/yongxing_2024-07-15-birdnet-18_05_15__bout_003.wav
yongxing_2024-07-18-birdnet-12_02_49.wav,manual,manual_2person,yongxing_2024-07-18-birdnet-12_02_49,yongxing,polluted,2024,birdsongs/wav_manul_seg_final_bandpass/yongxing_2024-07-18-birdnet-12_02_49.wav
yongxing_2024-07-18-birdnet-16_11_23_01.wav,manual,manual_2person,yongxing_2024-07-18-birdnet-16_11_23,yongxing,polluted,2024,birdsongs/wav_manul_seg_final_bandpass/yongxing_2024-07-18-birdnet-16_11_23_01.wav
yongxing_2024-07-18-birdnet-16_11_23_01_01.wav,manual,manual_2person,yongxing_2024-07-18-birdnet-16_11_23,yongxing,polluted,2024,birdsongs/wav_manul_seg_final_bandpass/yongxing_2024-07-18-birdnet-16_11_23_01_01.wav
yongxing_2024-07-18-birdnet-16_11_53_01.wav,manual,manual_2person,yongxing_2024-07-18-birdnet-16_11_53,yongxing,polluted,2024,birdsongs/wav_manul_seg_final_bandpass/yongxing_2024-07-18-birdnet-16_11_53_01.wav
